"tip","paramyxovirus.PCR.positive","paramyxovirus.seropositive","paramyxovirus.isolated","orthoparamyxovirus.PCR.positive","orthoparamyxovirus.seropositive","orthoparamyxovirus.isolated","rubulavirus.PCR.positive","rubulavirus.seropositive","rubulavirus.isolated","clade","fam","gen","tiplabel","label"
"Acerodon_celebensis",1,1,0,1,1,0,1,0,0,"Yinpterochiroptera","PTEROPODIDAE","Acerodon","Acerodon_celebensis_PTEROPODIDAE_CHIROPTERA","Acerodon_celebensis"
"Acerodon_humilis",0,0,0,0,0,0,0,0,0,"Yinpterochiroptera","PTEROPODIDAE","Acerodon","Acerodon_humilis_PTEROPODIDAE_CHIROPTERA","Acerodon_humilis"
"Acerodon_jubatus",0,0,0,0,0,0,0,0,0,"Yinpterochiroptera","PTEROPODIDAE","Acerodon","Acerodon_jubatus_PTEROPODIDAE_CHIROPTERA","Acerodon_jubatus"
"Acerodon_leucotis",0,0,0,0,0,0,0,0,0,"Yinpterochiroptera","PTEROPODIDAE","Acerodon","Acerodon_leucotis_PTEROPODIDAE_CHIROPTERA","Acerodon_leucotis"
"Acerodon_mackloti",0,0,0,0,0,0,0,0,0,"Yinpterochiroptera","PTEROPODIDAE","Acerodon","Acerodon_mackloti_PTEROPODIDAE_CHIROPTERA","Acerodon_mackloti"
"Aethalops_aequalis",0,0,0,0,0,0,0,0,0,"Yinpterochiroptera","PTEROPODIDAE","Aethalops","Aethalops_aequalis_PTEROPODIDAE_CHIROPTERA","Aethalops_aequalis"
"Aethalops_alecto",0,0,0,0,0,0,0,0,0,"Yinpterochiroptera","PTEROPODIDAE","Aethalops","Aethalops_alecto_PTEROPODIDAE_CHIROPTERA","Aethalops_alecto"
"Alionycteris_paucidentata",0,0,0,0,0,0,0,0,0,"Yinpterochiroptera","PTEROPODIDAE","Alionycteris","Alionycteris_paucidentata_PTEROPODIDAE_CHIROPTERA","Alionycteris_paucidentata"
"Aproteles_bulmerae",0,0,0,0,0,0,0,0,0,"Yinpterochiroptera","PTEROPODIDAE","Aproteles","Aproteles_bulmerae_PTEROPODIDAE_CHIROPTERA","Aproteles_bulmerae"
"Balionycteris_maculata",0,0,0,0,0,0,0,0,0,"Yinpterochiroptera","PTEROPODIDAE","Balionycteris","Balionycteris_maculata_PTEROPODIDAE_CHIROPTERA","Balionycteris_maculata"
"Casinycteris_argynnis",0,0,0,0,0,0,0,0,0,"Yinpterochiroptera","PTEROPODIDAE","Casinycteris","Casinycteris_argynnis_PTEROPODIDAE_CHIROPTERA","Casinycteris_argynnis"
"Casinycteris_campomaanensis",0,0,0,0,0,0,0,0,0,"Yinpterochiroptera","PTEROPODIDAE","Casinycteris","Casinycteris_campomaanensis_PTEROPODIDAE_CHIROPTERA","Casinycteris_campomaanensis"
"Casinycteris_ophiodon",0,0,0,0,0,0,0,0,0,"Yinpterochiroptera","PTEROPODIDAE","Casinycteris","Casinycteris_ophiodon_PTEROPODIDAE_CHIROPTERA","Casinycteris_ophiodon"
"Chironax_melanocephalus",0,0,0,0,0,0,0,0,0,"Yinpterochiroptera","PTEROPODIDAE","Chironax","Chironax_melanocephalus_PTEROPODIDAE_CHIROPTERA","Chironax_melanocephalus"
"Cynopterus_brachyotis",0,1,0,0,1,0,0,0,0,"Yinpterochiroptera","PTEROPODIDAE","Cynopterus","Cynopterus_brachyotis_PTEROPODIDAE_CHIROPTERA","Cynopterus_brachyotis"
"Cynopterus_horsfieldii",0,0,0,0,0,0,0,0,0,"Yinpterochiroptera","PTEROPODIDAE","Cynopterus","Cynopterus_horsfieldii_PTEROPODIDAE_CHIROPTERA","Cynopterus_horsfieldii"
"Cynopterus_luzoniensis",0,0,0,0,0,0,0,0,0,"Yinpterochiroptera","PTEROPODIDAE","Cynopterus","Cynopterus_luzoniensis_PTEROPODIDAE_CHIROPTERA","Cynopterus_luzoniensis"
"Cynopterus_minutus",0,0,0,0,0,0,0,0,0,"Yinpterochiroptera","PTEROPODIDAE","Cynopterus","Cynopterus_minutus_PTEROPODIDAE_CHIROPTERA","Cynopterus_minutus"
"Cynopterus_nusatenggara",0,0,0,0,0,0,0,0,0,"Yinpterochiroptera","PTEROPODIDAE","Cynopterus","Cynopterus_nusatenggara_PTEROPODIDAE_CHIROPTERA","Cynopterus_nusatenggara"
"Cynopterus_sphinx",0,1,0,0,1,0,0,0,0,"Yinpterochiroptera","PTEROPODIDAE","Cynopterus","Cynopterus_sphinx_PTEROPODIDAE_CHIROPTERA","Cynopterus_sphinx"
"Cynopterus_titthaecheilus",0,0,0,0,0,0,0,0,0,"Yinpterochiroptera","PTEROPODIDAE","Cynopterus","Cynopterus_titthaecheilus_PTEROPODIDAE_CHIROPTERA","Cynopterus_titthaecheilus"
"Desmalopex_leucopterus",0,0,0,0,0,0,0,0,0,"Yinpterochiroptera","PTEROPODIDAE","Desmalopex","Desmalopex_leucopterus_PTEROPODIDAE_CHIROPTERA","Desmalopex_leucopterus"
"Desmalopex_microleucopterus",0,0,0,0,0,0,0,0,0,"Yinpterochiroptera","PTEROPODIDAE","Desmalopex","Desmalopex_microleucopterus_PTEROPODIDAE_CHIROPTERA","Desmalopex_microleucopterus"
"Dobsonia_anderseni",0,1,0,0,1,0,0,0,0,"Yinpterochiroptera","PTEROPODIDAE","Dobsonia","Dobsonia_anderseni_PTEROPODIDAE_CHIROPTERA","Dobsonia_anderseni"
"Dobsonia_beauforti",0,0,0,0,0,0,0,0,0,"Yinpterochiroptera","PTEROPODIDAE","Dobsonia","Dobsonia_beauforti_PTEROPODIDAE_CHIROPTERA","Dobsonia_beauforti"
"Dobsonia_chapmani",0,0,0,0,0,0,0,0,0,"Yinpterochiroptera","PTEROPODIDAE","Dobsonia","Dobsonia_chapmani_PTEROPODIDAE_CHIROPTERA","Dobsonia_chapmani"
"Dobsonia_crenulata",0,0,0,0,0,0,0,0,0,"Yinpterochiroptera","PTEROPODIDAE","Dobsonia","Dobsonia_crenulata_PTEROPODIDAE_CHIROPTERA","Dobsonia_crenulata"
"Dobsonia_emersa",0,0,0,0,0,0,0,0,0,"Yinpterochiroptera","PTEROPODIDAE","Dobsonia","Dobsonia_emersa_PTEROPODIDAE_CHIROPTERA","Dobsonia_emersa"
"Dobsonia_exoleta",0,0,0,0,0,0,0,0,0,"Yinpterochiroptera","PTEROPODIDAE","Dobsonia","Dobsonia_exoleta_PTEROPODIDAE_CHIROPTERA","Dobsonia_exoleta"
"Dobsonia_inermis",0,0,0,0,0,0,0,0,0,"Yinpterochiroptera","PTEROPODIDAE","Dobsonia","Dobsonia_inermis_PTEROPODIDAE_CHIROPTERA","Dobsonia_inermis"
"Dobsonia_minor",0,0,0,0,0,0,0,0,0,"Yinpterochiroptera","PTEROPODIDAE","Dobsonia","Dobsonia_minor_PTEROPODIDAE_CHIROPTERA","Dobsonia_minor"
"Dobsonia_moluccensis",0,1,0,0,1,0,0,1,0,"Yinpterochiroptera","PTEROPODIDAE","Dobsonia","Dobsonia_moluccensis_PTEROPODIDAE_CHIROPTERA","Dobsonia_moluccensis"
"Dobsonia_pannietensis",0,0,0,0,0,0,0,0,0,"Yinpterochiroptera","PTEROPODIDAE","Dobsonia","Dobsonia_pannietensis_PTEROPODIDAE_CHIROPTERA","Dobsonia_pannietensis"
"Dobsonia_peronii",0,0,0,0,0,0,0,0,0,"Yinpterochiroptera","PTEROPODIDAE","Dobsonia","Dobsonia_peronii_PTEROPODIDAE_CHIROPTERA","Dobsonia_peronii"
"Dobsonia_praedatrix",0,0,0,0,0,0,0,0,0,"Yinpterochiroptera","PTEROPODIDAE","Dobsonia","Dobsonia_praedatrix_PTEROPODIDAE_CHIROPTERA","Dobsonia_praedatrix"
"Dobsonia_viridis",0,0,0,0,0,0,0,0,0,"Yinpterochiroptera","PTEROPODIDAE","Dobsonia","Dobsonia_viridis_PTEROPODIDAE_CHIROPTERA","Dobsonia_viridis"
"Dyacopterus_brooksi",0,0,0,0,0,0,0,0,0,"Yinpterochiroptera","PTEROPODIDAE","Dyacopterus","Dyacopterus_brooksi_PTEROPODIDAE_CHIROPTERA","Dyacopterus_brooksi"
"Dyacopterus_rickarti",0,0,0,0,0,0,0,0,0,"Yinpterochiroptera","PTEROPODIDAE","Dyacopterus","Dyacopterus_rickarti_PTEROPODIDAE_CHIROPTERA","Dyacopterus_rickarti"
"Dyacopterus_spadiceus",0,0,0,0,0,0,0,0,0,"Yinpterochiroptera","PTEROPODIDAE","Dyacopterus","Dyacopterus_spadiceus_PTEROPODIDAE_CHIROPTERA","Dyacopterus_spadiceus"
"Eidolon_dupreanum",1,1,0,1,1,0,0,0,0,"Yinpterochiroptera","PTEROPODIDAE","Eidolon","Eidolon_dupreanum_PTEROPODIDAE_CHIROPTERA","Eidolon_dupreanum"
"Eidolon_helvum",1,1,1,1,1,0,1,1,1,"Yinpterochiroptera","PTEROPODIDAE","Eidolon","Eidolon_helvum_PTEROPODIDAE_CHIROPTERA","Eidolon_helvum"
"Eonycteris_major",0,0,0,0,0,0,0,0,0,"Yinpterochiroptera","PTEROPODIDAE","Eonycteris","Eonycteris_major_PTEROPODIDAE_CHIROPTERA","Eonycteris_major"
"Eonycteris_robusta",0,0,0,0,0,0,0,0,0,"Yinpterochiroptera","PTEROPODIDAE","Eonycteris","Eonycteris_robusta_PTEROPODIDAE_CHIROPTERA","Eonycteris_robusta"
"Eonycteris_spelaea",1,1,0,1,1,0,1,0,0,"Yinpterochiroptera","PTEROPODIDAE","Eonycteris","Eonycteris_spelaea_PTEROPODIDAE_CHIROPTERA","Eonycteris_spelaea"
"Epomophorus_angolensis",0,0,0,0,0,0,0,0,0,"Yinpterochiroptera","PTEROPODIDAE","Epomophorus","Epomophorus_angolensis_PTEROPODIDAE_CHIROPTERA","Epomophorus_angolensis"
"Epomophorus_anselli",0,0,0,0,0,0,0,0,0,"Yinpterochiroptera","PTEROPODIDAE","Epomophorus","Epomophorus_anselli_PTEROPODIDAE_CHIROPTERA","Epomophorus_anselli"
"Epomophorus_crypturus",0,0,0,0,0,0,0,0,0,"Yinpterochiroptera","PTEROPODIDAE","Epomophorus","Epomophorus_crypturus_PTEROPODIDAE_CHIROPTERA","Epomophorus_crypturus"
"Epomophorus_gambianus",1,1,0,1,1,0,0,0,0,"Yinpterochiroptera","PTEROPODIDAE","Epomophorus","Epomophorus_gambianus_PTEROPODIDAE_CHIROPTERA","Epomophorus_gambianus"
"Epomophorus_grandis",0,0,0,0,0,0,0,0,0,"Yinpterochiroptera","PTEROPODIDAE","Epomophorus","Epomophorus_grandis_PTEROPODIDAE_CHIROPTERA","Epomophorus_grandis"
"Epomophorus_labiatus",0,0,0,0,0,0,0,0,0,"Yinpterochiroptera","PTEROPODIDAE","Epomophorus","Epomophorus_labiatus_PTEROPODIDAE_CHIROPTERA","Epomophorus_labiatus"
"Epomophorus_minimus",1,0,0,0,0,0,1,0,0,"Yinpterochiroptera","PTEROPODIDAE","Epomophorus","Epomophorus_minimus_PTEROPODIDAE_CHIROPTERA","Epomophorus_minimus"
"Epomophorus_wahlbergi",0,0,0,0,0,0,0,0,0,"Yinpterochiroptera","PTEROPODIDAE","Epomophorus","Epomophorus_wahlbergi_PTEROPODIDAE_CHIROPTERA","Epomophorus_wahlbergi"
"Epomops_buettikoferi",0,0,0,0,0,0,0,0,0,"Yinpterochiroptera","PTEROPODIDAE","Epomops","Epomops_buettikoferi_PTEROPODIDAE_CHIROPTERA","Epomops_buettikoferi"
"Epomops_dobsonii",0,0,0,0,0,0,0,0,0,"Yinpterochiroptera","PTEROPODIDAE","Epomops","Epomops_dobsonii_PTEROPODIDAE_CHIROPTERA","Epomops_dobsonii"
"Epomops_franqueti",0,0,0,0,0,0,0,0,0,"Yinpterochiroptera","PTEROPODIDAE","Epomops","Epomops_franqueti_PTEROPODIDAE_CHIROPTERA","Epomops_franqueti"
"Haplonycteris_fischeri",0,0,0,0,0,0,0,0,0,"Yinpterochiroptera","PTEROPODIDAE","Haplonycteris","Haplonycteris_fischeri_PTEROPODIDAE_CHIROPTERA","Haplonycteris_fischeri"
"Harpyionycteris_celebensis",0,0,0,0,0,0,0,0,0,"Yinpterochiroptera","PTEROPODIDAE","Harpyionycteris","Harpyionycteris_celebensis_PTEROPODIDAE_CHIROPTERA","Harpyionycteris_celebensis"
"Harpyionycteris_whiteheadi",0,0,0,0,0,0,0,0,0,"Yinpterochiroptera","PTEROPODIDAE","Harpyionycteris","Harpyionycteris_whiteheadi_PTEROPODIDAE_CHIROPTERA","Harpyionycteris_whiteheadi"
"Hypsignathus_monstrosus",1,1,0,1,1,0,1,0,0,"Yinpterochiroptera","PTEROPODIDAE","Hypsignathus","Hypsignathus_monstrosus_PTEROPODIDAE_CHIROPTERA","Hypsignathus_monstrosus"
"Latidens_salimalii",0,0,0,0,0,0,0,0,0,"Yinpterochiroptera","PTEROPODIDAE","Latidens","Latidens_salimalii_PTEROPODIDAE_CHIROPTERA","Latidens_salimalii"
"Macroglossus_minimus",0,0,0,0,0,0,0,0,0,"Yinpterochiroptera","PTEROPODIDAE","Macroglossus","Macroglossus_minimus_PTEROPODIDAE_CHIROPTERA","Macroglossus_minimus"
"Macroglossus_sobrinus",0,0,0,0,0,0,0,0,0,"Yinpterochiroptera","PTEROPODIDAE","Macroglossus","Macroglossus_sobrinus_PTEROPODIDAE_CHIROPTERA","Macroglossus_sobrinus"
"Megaerops_ecaudatus",0,0,0,0,0,0,0,0,0,"Yinpterochiroptera","PTEROPODIDAE","Megaerops","Megaerops_ecaudatus_PTEROPODIDAE_CHIROPTERA","Megaerops_ecaudatus"
"Megaerops_kusnotoi",0,0,0,0,0,0,0,0,0,"Yinpterochiroptera","PTEROPODIDAE","Megaerops","Megaerops_kusnotoi_PTEROPODIDAE_CHIROPTERA","Megaerops_kusnotoi"
"Megaerops_niphanae",0,0,0,0,0,0,0,0,0,"Yinpterochiroptera","PTEROPODIDAE","Megaerops","Megaerops_niphanae_PTEROPODIDAE_CHIROPTERA","Megaerops_niphanae"
"Megaerops_wetmorei",0,0,0,0,0,0,0,0,0,"Yinpterochiroptera","PTEROPODIDAE","Megaerops","Megaerops_wetmorei_PTEROPODIDAE_CHIROPTERA","Megaerops_wetmorei"
"Megaloglossus_azagnyi",0,0,0,0,0,0,0,0,0,"Yinpterochiroptera","PTEROPODIDAE","Megaloglossus","Megaloglossus_azagnyi_PTEROPODIDAE_CHIROPTERA","Megaloglossus_azagnyi"
"Megaloglossus_woermanni",1,0,0,0,0,0,1,0,0,"Yinpterochiroptera","PTEROPODIDAE","Megaloglossus","Megaloglossus_woermanni_PTEROPODIDAE_CHIROPTERA","Megaloglossus_woermanni"
"Melonycteris_fardoulisi",0,0,0,0,0,0,0,0,0,"Yinpterochiroptera","PTEROPODIDAE","Melonycteris","Melonycteris_fardoulisi_PTEROPODIDAE_CHIROPTERA","Melonycteris_fardoulisi"
"Melonycteris_melanops",0,0,0,0,0,0,0,0,0,"Yinpterochiroptera","PTEROPODIDAE","Melonycteris","Melonycteris_melanops_PTEROPODIDAE_CHIROPTERA","Melonycteris_melanops"
"Melonycteris_woodfordi",0,0,0,0,0,0,0,0,0,"Yinpterochiroptera","PTEROPODIDAE","Melonycteris","Melonycteris_woodfordi_PTEROPODIDAE_CHIROPTERA","Melonycteris_woodfordi"
"Micropteropus_intermedius",0,0,0,0,0,0,0,0,0,"Yinpterochiroptera","PTEROPODIDAE","Micropteropus","Micropteropus_intermedius_PTEROPODIDAE_CHIROPTERA","Micropteropus_intermedius"
"Micropteropus_pusillus",1,0,0,0,0,0,0,0,0,"Yinpterochiroptera","PTEROPODIDAE","Micropteropus","Micropteropus_pusillus_PTEROPODIDAE_CHIROPTERA","Micropteropus_pusillus"
"Mirimiri_acrodonta",0,0,0,0,0,0,0,0,0,"Yinpterochiroptera","PTEROPODIDAE","Mirimiri","Mirimiri_acrodonta_PTEROPODIDAE_CHIROPTERA","Mirimiri_acrodonta"
"Myonycteris_angolensis",1,0,0,0,0,0,0,0,0,"Yinpterochiroptera","PTEROPODIDAE","Myonycteris","Myonycteris_angolensis_PTEROPODIDAE_CHIROPTERA","Myonycteris_angolensis"
"Myonycteris_brachycephala",0,0,0,0,0,0,0,0,0,"Yinpterochiroptera","PTEROPODIDAE","Myonycteris","Myonycteris_brachycephala_PTEROPODIDAE_CHIROPTERA","Myonycteris_brachycephala"
"Myonycteris_relicta",0,0,0,0,0,0,0,0,0,"Yinpterochiroptera","PTEROPODIDAE","Myonycteris","Myonycteris_relicta_PTEROPODIDAE_CHIROPTERA","Myonycteris_relicta"
"Myonycteris_torquata",1,0,0,1,0,0,0,0,0,"Yinpterochiroptera","PTEROPODIDAE","Myonycteris","Myonycteris_torquata_PTEROPODIDAE_CHIROPTERA","Myonycteris_torquata"
"Nanonycteris_veldkampii",0,0,0,0,0,0,0,0,0,"Yinpterochiroptera","PTEROPODIDAE","Nanonycteris","Nanonycteris_veldkampii_PTEROPODIDAE_CHIROPTERA","Nanonycteris_veldkampii"
"Neopteryx_frosti",0,0,0,0,0,0,0,0,0,"Yinpterochiroptera","PTEROPODIDAE","Neopteryx","Neopteryx_frosti_PTEROPODIDAE_CHIROPTERA","Neopteryx_frosti"
"Notopteris_macdonaldi",0,0,0,0,0,0,0,0,0,"Yinpterochiroptera","PTEROPODIDAE","Notopteris","Notopteris_macdonaldi_PTEROPODIDAE_CHIROPTERA","Notopteris_macdonaldi"
"Notopteris_neocaledonica",0,0,0,0,0,0,0,0,0,"Yinpterochiroptera","PTEROPODIDAE","Notopteris","Notopteris_neocaledonica_PTEROPODIDAE_CHIROPTERA","Notopteris_neocaledonica"
"Nyctimene_aello",0,0,0,0,0,0,0,0,0,"Yinpterochiroptera","PTEROPODIDAE","Nyctimene","Nyctimene_aello_PTEROPODIDAE_CHIROPTERA","Nyctimene_aello"
"Nyctimene_albiventer",0,0,0,0,0,0,0,0,0,"Yinpterochiroptera","PTEROPODIDAE","Nyctimene","Nyctimene_albiventer_PTEROPODIDAE_CHIROPTERA","Nyctimene_albiventer"
"Nyctimene_cephalotes",0,0,0,0,0,0,0,0,0,"Yinpterochiroptera","PTEROPODIDAE","Nyctimene","Nyctimene_cephalotes_PTEROPODIDAE_CHIROPTERA","Nyctimene_cephalotes"
"Nyctimene_certans",0,0,0,0,0,0,0,0,0,"Yinpterochiroptera","PTEROPODIDAE","Nyctimene","Nyctimene_certans_PTEROPODIDAE_CHIROPTERA","Nyctimene_certans"
"Nyctimene_cyclotis",0,0,0,0,0,0,0,0,0,"Yinpterochiroptera","PTEROPODIDAE","Nyctimene","Nyctimene_cyclotis_PTEROPODIDAE_CHIROPTERA","Nyctimene_cyclotis"
"Nyctimene_draconilla",0,0,0,0,0,0,0,0,0,"Yinpterochiroptera","PTEROPODIDAE","Nyctimene","Nyctimene_draconilla_PTEROPODIDAE_CHIROPTERA","Nyctimene_draconilla"
"Nyctimene_keasti",0,0,0,0,0,0,0,0,0,"Yinpterochiroptera","PTEROPODIDAE","Nyctimene","Nyctimene_keasti_PTEROPODIDAE_CHIROPTERA","Nyctimene_keasti"
"Nyctimene_major",0,0,0,0,0,0,0,0,0,"Yinpterochiroptera","PTEROPODIDAE","Nyctimene","Nyctimene_major_PTEROPODIDAE_CHIROPTERA","Nyctimene_major"
"Nyctimene_malaitensis",0,0,0,0,0,0,0,0,0,"Yinpterochiroptera","PTEROPODIDAE","Nyctimene","Nyctimene_malaitensis_PTEROPODIDAE_CHIROPTERA","Nyctimene_malaitensis"
"Nyctimene_masalai",0,0,0,0,0,0,0,0,0,"Yinpterochiroptera","PTEROPODIDAE","Nyctimene","Nyctimene_masalai_PTEROPODIDAE_CHIROPTERA","Nyctimene_masalai"
"Nyctimene_minutus",0,0,0,0,0,0,0,0,0,"Yinpterochiroptera","PTEROPODIDAE","Nyctimene","Nyctimene_minutus_PTEROPODIDAE_CHIROPTERA","Nyctimene_minutus"
"Nyctimene_rabori",0,0,0,0,0,0,0,0,0,"Yinpterochiroptera","PTEROPODIDAE","Nyctimene","Nyctimene_rabori_PTEROPODIDAE_CHIROPTERA","Nyctimene_rabori"
"Nyctimene_robinsoni",0,0,0,0,0,0,0,0,0,"Yinpterochiroptera","PTEROPODIDAE","Nyctimene","Nyctimene_robinsoni_PTEROPODIDAE_CHIROPTERA","Nyctimene_robinsoni"
"Nyctimene_sanctacrucis",0,0,0,0,0,0,0,0,0,"Yinpterochiroptera","PTEROPODIDAE","Nyctimene","Nyctimene_sanctacrucis_PTEROPODIDAE_CHIROPTERA","Nyctimene_sanctacrucis"
"Nyctimene_vizcaccia",0,0,0,0,0,0,0,0,0,"Yinpterochiroptera","PTEROPODIDAE","Nyctimene","Nyctimene_vizcaccia_PTEROPODIDAE_CHIROPTERA","Nyctimene_vizcaccia"
"Otopteropus_cartilagonodus",0,0,0,0,0,0,0,0,0,"Yinpterochiroptera","PTEROPODIDAE","Otopteropus","Otopteropus_cartilagonodus_PTEROPODIDAE_CHIROPTERA","Otopteropus_cartilagonodus"
"Paranyctimene_raptor",0,0,0,0,0,0,0,0,0,"Yinpterochiroptera","PTEROPODIDAE","Paranyctimene","Paranyctimene_raptor_PTEROPODIDAE_CHIROPTERA","Paranyctimene_raptor"
"Paranyctimene_tenax",0,0,0,0,0,0,0,0,0,"Yinpterochiroptera","PTEROPODIDAE","Paranyctimene","Paranyctimene_tenax_PTEROPODIDAE_CHIROPTERA","Paranyctimene_tenax"
"Penthetor_lucasi",0,0,0,0,0,0,0,0,0,"Yinpterochiroptera","PTEROPODIDAE","Penthetor","Penthetor_lucasi_PTEROPODIDAE_CHIROPTERA","Penthetor_lucasi"
"Plerotes_anchietae",0,0,0,0,0,0,0,0,0,"Yinpterochiroptera","PTEROPODIDAE","Plerotes","Plerotes_anchietae_PTEROPODIDAE_CHIROPTERA","Plerotes_anchietae"
"Ptenochirus_jagori",0,0,0,0,0,0,0,0,0,"Yinpterochiroptera","PTEROPODIDAE","Ptenochirus","Ptenochirus_jagori_PTEROPODIDAE_CHIROPTERA","Ptenochirus_jagori"
"Ptenochirus_minor",0,0,0,0,0,0,0,0,0,"Yinpterochiroptera","PTEROPODIDAE","Ptenochirus","Ptenochirus_minor_PTEROPODIDAE_CHIROPTERA","Ptenochirus_minor"
"Pteralopex_anceps",0,0,0,0,0,0,0,0,0,"Yinpterochiroptera","PTEROPODIDAE","Pteralopex","Pteralopex_anceps_PTEROPODIDAE_CHIROPTERA","Pteralopex_anceps"
"Pteralopex_atrata",0,0,0,0,0,0,0,0,0,"Yinpterochiroptera","PTEROPODIDAE","Pteralopex","Pteralopex_atrata_PTEROPODIDAE_CHIROPTERA","Pteralopex_atrata"
"Pteralopex_flanneryi",0,0,0,0,0,0,0,0,0,"Yinpterochiroptera","PTEROPODIDAE","Pteralopex","Pteralopex_flanneryi_PTEROPODIDAE_CHIROPTERA","Pteralopex_flanneryi"
"Pteralopex_pulchra",0,0,0,0,0,0,0,0,0,"Yinpterochiroptera","PTEROPODIDAE","Pteralopex","Pteralopex_pulchra_PTEROPODIDAE_CHIROPTERA","Pteralopex_pulchra"
"Pteralopex_taki",0,0,0,0,0,0,0,0,0,"Yinpterochiroptera","PTEROPODIDAE","Pteralopex","Pteralopex_taki_PTEROPODIDAE_CHIROPTERA","Pteralopex_taki"
"Pteropus_admiralitatum",0,1,0,0,1,0,0,0,0,"Yinpterochiroptera","PTEROPODIDAE","Pteropus","Pteropus_admiralitatum_PTEROPODIDAE_CHIROPTERA","Pteropus_admiralitatum"
"Pteropus_aldabrensis",0,0,0,0,0,0,0,0,0,"Yinpterochiroptera","PTEROPODIDAE","Pteropus","Pteropus_aldabrensis_PTEROPODIDAE_CHIROPTERA","Pteropus_aldabrensis"
"Pteropus_alecto",1,1,1,1,1,1,0,1,1,"Yinpterochiroptera","PTEROPODIDAE","Pteropus","Pteropus_alecto_PTEROPODIDAE_CHIROPTERA","Pteropus_alecto"
"Pteropus_anetianus",0,0,0,0,0,0,0,0,0,"Yinpterochiroptera","PTEROPODIDAE","Pteropus","Pteropus_anetianus_PTEROPODIDAE_CHIROPTERA","Pteropus_anetianus"
"Pteropus_argentatus",0,0,0,0,0,0,0,0,0,"Yinpterochiroptera","PTEROPODIDAE","Pteropus","Pteropus_argentatus_PTEROPODIDAE_CHIROPTERA","Pteropus_argentatus"
"Pteropus_aruensis",0,0,0,0,0,0,0,0,0,"Yinpterochiroptera","PTEROPODIDAE","Pteropus","Pteropus_aruensis_PTEROPODIDAE_CHIROPTERA","Pteropus_aruensis"
"Pteropus_brunneus",0,0,0,0,0,0,0,0,0,"Yinpterochiroptera","PTEROPODIDAE","Pteropus","Pteropus_brunneus_PTEROPODIDAE_CHIROPTERA","Pteropus_brunneus"
"Pteropus_caniceps",0,0,0,0,0,0,0,0,0,"Yinpterochiroptera","PTEROPODIDAE","Pteropus","Pteropus_caniceps_PTEROPODIDAE_CHIROPTERA","Pteropus_caniceps"
"Pteropus_capistratus",0,1,0,0,1,0,0,0,0,"Yinpterochiroptera","PTEROPODIDAE","Pteropus","Pteropus_capistratus_PTEROPODIDAE_CHIROPTERA","Pteropus_capistratus"
"Pteropus_chrysoproctus",0,0,0,0,0,0,0,0,0,"Yinpterochiroptera","PTEROPODIDAE","Pteropus","Pteropus_chrysoproctus_PTEROPODIDAE_CHIROPTERA","Pteropus_chrysoproctus"
"Pteropus_cognatus",0,0,0,0,0,0,0,0,0,"Yinpterochiroptera","PTEROPODIDAE","Pteropus","Pteropus_cognatus_PTEROPODIDAE_CHIROPTERA","Pteropus_cognatus"
"Pteropus_conspicillatus",1,1,1,1,1,1,0,1,0,"Yinpterochiroptera","PTEROPODIDAE","Pteropus","Pteropus_conspicillatus_PTEROPODIDAE_CHIROPTERA","Pteropus_conspicillatus"
"Pteropus_dasymallus",0,0,0,0,0,0,0,0,0,"Yinpterochiroptera","PTEROPODIDAE","Pteropus","Pteropus_dasymallus_PTEROPODIDAE_CHIROPTERA","Pteropus_dasymallus"
"Pteropus_faunulus",0,0,0,0,0,0,0,0,0,"Yinpterochiroptera","PTEROPODIDAE","Pteropus","Pteropus_faunulus_PTEROPODIDAE_CHIROPTERA","Pteropus_faunulus"
"Pteropus_fundatus",0,0,0,0,0,0,0,0,0,"Yinpterochiroptera","PTEROPODIDAE","Pteropus","Pteropus_fundatus_PTEROPODIDAE_CHIROPTERA","Pteropus_fundatus"
"Pteropus_giganteus",1,1,1,1,1,1,1,0,1,"Yinpterochiroptera","PTEROPODIDAE","Pteropus","Pteropus_giganteus_PTEROPODIDAE_CHIROPTERA","Pteropus_giganteus"
"Pteropus_gilliardorum",0,0,0,0,0,0,0,0,0,"Yinpterochiroptera","PTEROPODIDAE","Pteropus","Pteropus_gilliardorum_PTEROPODIDAE_CHIROPTERA","Pteropus_gilliardorum"
"Pteropus_griseus",0,0,0,0,0,0,0,0,0,"Yinpterochiroptera","PTEROPODIDAE","Pteropus","Pteropus_griseus_PTEROPODIDAE_CHIROPTERA","Pteropus_griseus"
"Pteropus_howensis",0,0,0,0,0,0,0,0,0,"Yinpterochiroptera","PTEROPODIDAE","Pteropus","Pteropus_howensis_PTEROPODIDAE_CHIROPTERA","Pteropus_howensis"
"Pteropus_hypomelanus",1,1,1,1,1,1,1,0,1,"Yinpterochiroptera","PTEROPODIDAE","Pteropus","Pteropus_hypomelanus_PTEROPODIDAE_CHIROPTERA","Pteropus_hypomelanus"
"Pteropus_intermedius",0,0,0,0,0,0,0,0,0,"Yinpterochiroptera","PTEROPODIDAE","Pteropus","Pteropus_intermedius_PTEROPODIDAE_CHIROPTERA","Pteropus_intermedius"
"Pteropus_keyensis",0,0,0,0,0,0,0,0,0,"Yinpterochiroptera","PTEROPODIDAE","Pteropus","Pteropus_keyensis_PTEROPODIDAE_CHIROPTERA","Pteropus_keyensis"
"Pteropus_livingstonii",0,0,0,0,0,0,0,0,0,"Yinpterochiroptera","PTEROPODIDAE","Pteropus","Pteropus_livingstonii_PTEROPODIDAE_CHIROPTERA","Pteropus_livingstonii"
"Pteropus_lombocensis",0,0,0,0,0,0,0,0,0,"Yinpterochiroptera","PTEROPODIDAE","Pteropus","Pteropus_lombocensis_PTEROPODIDAE_CHIROPTERA","Pteropus_lombocensis"
"Pteropus_loochoensis",0,0,0,0,0,0,0,0,0,"Yinpterochiroptera","PTEROPODIDAE","Pteropus","Pteropus_loochoensis_PTEROPODIDAE_CHIROPTERA","Pteropus_loochoensis"
"Pteropus_lylei",1,1,1,1,1,1,0,0,0,"Yinpterochiroptera","PTEROPODIDAE","Pteropus","Pteropus_lylei_PTEROPODIDAE_CHIROPTERA","Pteropus_lylei"
"Pteropus_macrotis",0,0,0,0,0,0,0,0,0,"Yinpterochiroptera","PTEROPODIDAE","Pteropus","Pteropus_macrotis_PTEROPODIDAE_CHIROPTERA","Pteropus_macrotis"
"Pteropus_mahaganus",0,0,0,0,0,0,0,0,0,"Yinpterochiroptera","PTEROPODIDAE","Pteropus","Pteropus_mahaganus_PTEROPODIDAE_CHIROPTERA","Pteropus_mahaganus"
"Pteropus_mariannus",0,0,0,0,0,0,0,0,0,"Yinpterochiroptera","PTEROPODIDAE","Pteropus","Pteropus_mariannus_PTEROPODIDAE_CHIROPTERA","Pteropus_mariannus"
"Pteropus_melanopogon",0,0,0,0,0,0,0,0,0,"Yinpterochiroptera","PTEROPODIDAE","Pteropus","Pteropus_melanopogon_PTEROPODIDAE_CHIROPTERA","Pteropus_melanopogon"
"Pteropus_melanotus",1,1,0,0,1,0,0,1,0,"Yinpterochiroptera","PTEROPODIDAE","Pteropus","Pteropus_melanotus_PTEROPODIDAE_CHIROPTERA","Pteropus_melanotus"
"Pteropus_molossinus",0,0,0,0,0,0,0,0,0,"Yinpterochiroptera","PTEROPODIDAE","Pteropus","Pteropus_molossinus_PTEROPODIDAE_CHIROPTERA","Pteropus_molossinus"
"Pteropus_neohibernicus",0,1,0,0,1,0,0,0,0,"Yinpterochiroptera","PTEROPODIDAE","Pteropus","Pteropus_neohibernicus_PTEROPODIDAE_CHIROPTERA","Pteropus_neohibernicus"
"Pteropus_niger",0,0,0,0,0,0,0,0,0,"Yinpterochiroptera","PTEROPODIDAE","Pteropus","Pteropus_niger_PTEROPODIDAE_CHIROPTERA","Pteropus_niger"
"Pteropus_nitendiensis",0,0,0,0,0,0,0,0,0,"Yinpterochiroptera","PTEROPODIDAE","Pteropus","Pteropus_nitendiensis_PTEROPODIDAE_CHIROPTERA","Pteropus_nitendiensis"
"Pteropus_ocularis",0,0,0,0,0,0,0,0,0,"Yinpterochiroptera","PTEROPODIDAE","Pteropus","Pteropus_ocularis_PTEROPODIDAE_CHIROPTERA","Pteropus_ocularis"
"Pteropus_ornatus",0,0,0,0,0,0,0,0,0,"Yinpterochiroptera","PTEROPODIDAE","Pteropus","Pteropus_ornatus_PTEROPODIDAE_CHIROPTERA","Pteropus_ornatus"
"Pteropus_pelagicus",0,0,0,0,0,0,0,0,0,"Yinpterochiroptera","PTEROPODIDAE","Pteropus","Pteropus_pelagicus_PTEROPODIDAE_CHIROPTERA","Pteropus_pelagicus"
"Pteropus_pelewensis",0,0,0,0,0,0,0,0,0,"Yinpterochiroptera","PTEROPODIDAE","Pteropus","Pteropus_pelewensis_PTEROPODIDAE_CHIROPTERA","Pteropus_pelewensis"
"Pteropus_personatus",0,0,0,0,0,0,0,0,0,"Yinpterochiroptera","PTEROPODIDAE","Pteropus","Pteropus_personatus_PTEROPODIDAE_CHIROPTERA","Pteropus_personatus"
"Pteropus_pilosus",0,0,0,0,0,0,0,0,0,"Yinpterochiroptera","PTEROPODIDAE","Pteropus","Pteropus_pilosus_PTEROPODIDAE_CHIROPTERA","Pteropus_pilosus"
"Pteropus_pohlei",0,0,0,0,0,0,0,0,0,"Yinpterochiroptera","PTEROPODIDAE","Pteropus","Pteropus_pohlei_PTEROPODIDAE_CHIROPTERA","Pteropus_pohlei"
"Pteropus_poliocephalus",1,1,1,1,1,1,1,1,1,"Yinpterochiroptera","PTEROPODIDAE","Pteropus","Pteropus_poliocephalus_PTEROPODIDAE_CHIROPTERA","Pteropus_poliocephalus"
"Pteropus_pselaphon",0,0,0,0,0,0,0,0,0,"Yinpterochiroptera","PTEROPODIDAE","Pteropus","Pteropus_pselaphon_PTEROPODIDAE_CHIROPTERA","Pteropus_pselaphon"
"Pteropus_pumilus",0,1,0,0,1,0,0,0,0,"Yinpterochiroptera","PTEROPODIDAE","Pteropus","Pteropus_pumilus_PTEROPODIDAE_CHIROPTERA","Pteropus_pumilus"
"Pteropus_rayneri",0,0,0,0,0,0,0,0,0,"Yinpterochiroptera","PTEROPODIDAE","Pteropus","Pteropus_rayneri_PTEROPODIDAE_CHIROPTERA","Pteropus_rayneri"
"Pteropus_rennelli",0,0,0,0,0,0,0,0,0,"Yinpterochiroptera","PTEROPODIDAE","Pteropus","Pteropus_rennelli_PTEROPODIDAE_CHIROPTERA","Pteropus_rennelli"
"Pteropus_rodricensis",0,1,0,0,1,0,0,0,0,"Yinpterochiroptera","PTEROPODIDAE","Pteropus","Pteropus_rodricensis_PTEROPODIDAE_CHIROPTERA","Pteropus_rodricensis"
"Pteropus_rufus",1,1,0,1,1,0,0,1,0,"Yinpterochiroptera","PTEROPODIDAE","Pteropus","Pteropus_rufus_PTEROPODIDAE_CHIROPTERA","Pteropus_rufus"
"Pteropus_samoensis",0,0,0,0,0,0,0,0,0,"Yinpterochiroptera","PTEROPODIDAE","Pteropus","Pteropus_samoensis_PTEROPODIDAE_CHIROPTERA","Pteropus_samoensis"
"Pteropus_scapulatus",1,1,1,1,1,1,0,1,0,"Yinpterochiroptera","PTEROPODIDAE","Pteropus","Pteropus_scapulatus_PTEROPODIDAE_CHIROPTERA","Pteropus_scapulatus"
"Pteropus_seychellensis",0,0,0,0,0,0,0,0,0,"Yinpterochiroptera","PTEROPODIDAE","Pteropus","Pteropus_seychellensis_PTEROPODIDAE_CHIROPTERA","Pteropus_seychellensis"
"Pteropus_speciosus",0,0,0,0,0,0,0,0,0,"Yinpterochiroptera","PTEROPODIDAE","Pteropus","Pteropus_speciosus_PTEROPODIDAE_CHIROPTERA","Pteropus_speciosus"
"Pteropus_subniger",0,0,0,0,0,0,0,0,0,"Yinpterochiroptera","PTEROPODIDAE","Pteropus","Pteropus_subniger_PTEROPODIDAE_CHIROPTERA","Pteropus_subniger"
"Pteropus_temminckii",0,0,0,0,0,0,0,0,0,"Yinpterochiroptera","PTEROPODIDAE","Pteropus","Pteropus_temminckii_PTEROPODIDAE_CHIROPTERA","Pteropus_temminckii"
"Pteropus_tokudae",0,0,0,0,0,0,0,0,0,"Yinpterochiroptera","PTEROPODIDAE","Pteropus","Pteropus_tokudae_PTEROPODIDAE_CHIROPTERA","Pteropus_tokudae"
"Pteropus_tonganus",0,0,0,0,0,0,0,0,0,"Yinpterochiroptera","PTEROPODIDAE","Pteropus","Pteropus_tonganus_PTEROPODIDAE_CHIROPTERA","Pteropus_tonganus"
"Pteropus_tuberculatus",0,0,0,0,0,0,0,0,0,"Yinpterochiroptera","PTEROPODIDAE","Pteropus","Pteropus_tuberculatus_PTEROPODIDAE_CHIROPTERA","Pteropus_tuberculatus"
"Pteropus_ualanus",0,0,0,0,0,0,0,0,0,"Yinpterochiroptera","PTEROPODIDAE","Pteropus","Pteropus_ualanus_PTEROPODIDAE_CHIROPTERA","Pteropus_ualanus"
"Pteropus_vampyrus",1,1,1,1,1,1,1,0,0,"Yinpterochiroptera","PTEROPODIDAE","Pteropus","Pteropus_vampyrus_PTEROPODIDAE_CHIROPTERA","Pteropus_vampyrus"
"Pteropus_vetulus",0,0,0,0,0,0,0,0,0,"Yinpterochiroptera","PTEROPODIDAE","Pteropus","Pteropus_vetulus_PTEROPODIDAE_CHIROPTERA","Pteropus_vetulus"
"Pteropus_voeltzkowi",0,0,0,0,0,0,0,0,0,"Yinpterochiroptera","PTEROPODIDAE","Pteropus","Pteropus_voeltzkowi_PTEROPODIDAE_CHIROPTERA","Pteropus_voeltzkowi"
"Pteropus_woodfordi",0,0,0,0,0,0,0,0,0,"Yinpterochiroptera","PTEROPODIDAE","Pteropus","Pteropus_woodfordi_PTEROPODIDAE_CHIROPTERA","Pteropus_woodfordi"
"Pteropus_yapensis",0,0,0,0,0,0,0,0,0,"Yinpterochiroptera","PTEROPODIDAE","Pteropus","Pteropus_yapensis_PTEROPODIDAE_CHIROPTERA","Pteropus_yapensis"
"Rousettus_aegyptiacus",1,1,0,1,0,0,1,1,0,"Yinpterochiroptera","PTEROPODIDAE","Rousettus","Rousettus_aegyptiacus_PTEROPODIDAE_CHIROPTERA","Rousettus_aegyptiacus"
"Rousettus_amplexicaudatus",1,1,0,1,1,0,0,0,0,"Yinpterochiroptera","PTEROPODIDAE","Rousettus","Rousettus_amplexicaudatus_PTEROPODIDAE_CHIROPTERA","Rousettus_amplexicaudatus"
"Rousettus_bidens",0,0,0,0,0,0,0,0,0,"Yinpterochiroptera","PTEROPODIDAE","Rousettus","Rousettus_bidens_PTEROPODIDAE_CHIROPTERA","Rousettus_bidens"
"Rousettus_celebensis",0,0,0,0,0,0,0,0,0,"Yinpterochiroptera","PTEROPODIDAE","Rousettus","Rousettus_celebensis_PTEROPODIDAE_CHIROPTERA","Rousettus_celebensis"
"Rousettus_lanosus",0,0,0,0,0,0,0,0,0,"Yinpterochiroptera","PTEROPODIDAE","Rousettus","Rousettus_lanosus_PTEROPODIDAE_CHIROPTERA","Rousettus_lanosus"
"Rousettus_leschenaultii",1,1,1,1,1,0,1,1,1,"Yinpterochiroptera","PTEROPODIDAE","Rousettus","Rousettus_leschenaultii_PTEROPODIDAE_CHIROPTERA","Rousettus_leschenaultii"
"Rousettus_linduensis",0,0,0,0,0,0,0,0,0,"Yinpterochiroptera","PTEROPODIDAE","Rousettus","Rousettus_linduensis_PTEROPODIDAE_CHIROPTERA","Rousettus_linduensis"
"Rousettus_madagascariensis",0,1,0,0,1,0,0,1,0,"Yinpterochiroptera","PTEROPODIDAE","Rousettus","Rousettus_madagascariensis_PTEROPODIDAE_CHIROPTERA","Rousettus_madagascariensis"
"Rousettus_obliviosus",0,0,0,0,0,0,0,0,0,"Yinpterochiroptera","PTEROPODIDAE","Rousettus","Rousettus_obliviosus_PTEROPODIDAE_CHIROPTERA","Rousettus_obliviosus"
"Rousettus_spinalatus",0,0,0,0,0,0,0,0,0,"Yinpterochiroptera","PTEROPODIDAE","Rousettus","Rousettus_spinalatus_PTEROPODIDAE_CHIROPTERA","Rousettus_spinalatus"
"Scotonycteris_bergmansi",0,0,0,0,0,0,0,0,0,"Yinpterochiroptera","PTEROPODIDAE","Scotonycteris","Scotonycteris_bergmansi_PTEROPODIDAE_CHIROPTERA","Scotonycteris_bergmansi"
"Scotonycteris_occidentalis",0,0,0,0,0,0,0,0,0,"Yinpterochiroptera","PTEROPODIDAE","Scotonycteris","Scotonycteris_occidentalis_PTEROPODIDAE_CHIROPTERA","Scotonycteris_occidentalis"
"Scotonycteris_zenkeri",0,0,0,0,0,0,0,0,0,"Yinpterochiroptera","PTEROPODIDAE","Scotonycteris","Scotonycteris_zenkeri_PTEROPODIDAE_CHIROPTERA","Scotonycteris_zenkeri"
"Sphaerias_blanfordi",0,0,0,0,0,0,0,0,0,"Yinpterochiroptera","PTEROPODIDAE","Sphaerias","Sphaerias_blanfordi_PTEROPODIDAE_CHIROPTERA","Sphaerias_blanfordi"
"Styloctenium_mindorensis",0,0,0,0,0,0,0,0,0,"Yinpterochiroptera","PTEROPODIDAE","Styloctenium","Styloctenium_mindorensis_PTEROPODIDAE_CHIROPTERA","Styloctenium_mindorensis"
"Styloctenium_wallacei",0,0,0,0,0,0,0,0,0,"Yinpterochiroptera","PTEROPODIDAE","Styloctenium","Styloctenium_wallacei_PTEROPODIDAE_CHIROPTERA","Styloctenium_wallacei"
"Syconycteris_australis",0,0,0,0,0,0,0,0,0,"Yinpterochiroptera","PTEROPODIDAE","Syconycteris","Syconycteris_australis_PTEROPODIDAE_CHIROPTERA","Syconycteris_australis"
"Syconycteris_carolinae",0,0,0,0,0,0,0,0,0,"Yinpterochiroptera","PTEROPODIDAE","Syconycteris","Syconycteris_carolinae_PTEROPODIDAE_CHIROPTERA","Syconycteris_carolinae"
"Syconycteris_hobbit",0,0,0,0,0,0,0,0,0,"Yinpterochiroptera","PTEROPODIDAE","Syconycteris","Syconycteris_hobbit_PTEROPODIDAE_CHIROPTERA","Syconycteris_hobbit"
"Thoopterus_nigrescens",1,0,0,0,0,0,0,0,0,"Yinpterochiroptera","PTEROPODIDAE","Thoopterus","Thoopterus_nigrescens_PTEROPODIDAE_CHIROPTERA","Thoopterus_nigrescens"
"Thoopterus_suhaniahae",0,0,0,0,0,0,0,0,0,"Yinpterochiroptera","PTEROPODIDAE","Thoopterus","Thoopterus_suhaniahae_PTEROPODIDAE_CHIROPTERA","Thoopterus_suhaniahae"
